{"stats":{"minecraft:killed":{"minecraft:zombie":3},"minecraft:dropped":{"minecraft:wheat_seeds":1,"minecraft:stone_sword":1,"minecraft:wooden_pickaxe":1},"minecraft:killed_by":{"minecraft:player":2,"minecraft:skeleton":1},"minecraft:mined":{"minecraft:iron_ore":11,"minecraft:andesite":16,"minecraft:granite":5,"minecraft:grass":1,"minecraft:oak_log":5,"minecraft:grass_block":2,"minecraft:coal_ore":18,"minecraft:rose_bush":1,"minecraft:dirt":7,"minecraft:cobblestone":5,"minecraft:stone":109,"minecraft:diorite":6},"minecraft:used":{"minecraft:diorite":20,"minecraft:rose_bush":1,"minecraft:stone_sword":27,"minecraft:stone_pickaxe":161,"minecraft:wooden_pickaxe":9,"minecraft:dirt":8,"minecraft:cobblestone":25,"minecraft:andesite":16},"minecraft:picked_up":{"minecraft:wooden_axe":2,"minecraft:stick":8,"minecraft:raw_iron":10,"minecraft:andesite":30,"minecraft:wooden_pickaxe":1,"minecraft:oak_log":5,"minecraft:diorite":30,"minecraft:dirt":8,"minecraft:wooden_sword":1,"minecraft:arrow":1,"minecraft:stone_sword":3,"minecraft:bone":1,"minecraft:rotten_flesh":3,"minecraft:stone_axe":1,"minecraft:wheat_seeds":1,"minecraft:granite":5,"minecraft:stone_pickaxe":3,"minecraft:rose_bush":1,"minecraft:oak_sapling":3,"minecraft:oak_planks":89,"minecraft:coal":36,"minecraft:cobblestone":233},"minecraft:crafted":{"minecraft:oak_planks":20,"minecraft:stick":8,"minecraft:wooden_pickaxe":1,"minecraft:stone_pickaxe":1,"minecraft:stone_sword":1,"minecraft:stone_axe":1},"minecraft:custom":{"minecraft:time_since_rest":5176,"minecraft:sprint_one_cm":44790,"minecraft:damage_taken":939,"minecraft:walk_one_cm":29287,"minecraft:mob_kills":3,"minecraft:drop":3,"minecraft:damage_dealt":1573,"minecraft:swim_one_cm":2638,"minecraft:interact_with_crafting_table":2,"minecraft:player_kills":3,"minecraft:fly_one_cm":41019,"minecraft:crouch_one_cm":7712,"minecraft:play_time":15622,"minecraft:deaths":3,"minecraft:sneak_time":2752,"minecraft:walk_under_water_one_cm":766,"minecraft:jump":354,"minecraft:walk_on_water_one_cm":1000,"minecraft:time_since_death":5150,"minecraft:total_world_time":15622,"minecraft:fall_one_cm":9006}},"DataVersion":3465}