{"stats":{"minecraft:killed":{"minecraft:zombie":3},"minecraft:dropped":{"minecraft:wheat_seeds":1,"minecraft:wooden_pickaxe":1},"minecraft:mined":{"minecraft:andesite":12,"minecraft:grass":1,"minecraft:oak_log":5,"minecraft:grass_block":2,"minecraft:coal_ore":18,"minecraft:rose_bush":1,"minecraft:dirt":3,"minecraft:stone":48},"minecraft:used":{"minecraft:rose_bush":1,"minecraft:stone_sword":18,"minecraft:stone_pickaxe":69,"minecraft:wooden_pickaxe":9,"minecraft:dirt":5,"minecraft:cobblestone":6},"minecraft:picked_up":{"minecraft:andesite":11,"minecraft:oak_log":5,"minecraft:dirt":5,"minecraft:rotten_flesh":3,"minecraft:wheat_seeds":1,"minecraft:rose_bush":1,"minecraft:coal":18,"minecraft:cobblestone":47},"minecraft:crafted":{"minecraft:oak_planks":20,"minecraft:stick":8,"minecraft:wooden_pickaxe":1,"minecraft:stone_pickaxe":1,"minecraft:stone_sword":1,"minecraft:stone_axe":1},"minecraft:custom":{"minecraft:time_since_rest":7230,"minecraft:sprint_one_cm":21972,"minecraft:damage_taken":80,"minecraft:walk_one_cm":8658,"minecraft:mob_kills":3,"minecraft:drop":2,"minecraft:damage_dealt":1108,"minecraft:swim_one_cm":1774,"minecraft:interact_with_crafting_table":2,"minecraft:fly_one_cm":19586,"minecraft:crouch_one_cm":3331,"minecraft:play_time":7230,"minecraft:sneak_time":1218,"minecraft:walk_under_water_one_cm":567,"minecraft:jump":148,"minecraft:walk_on_water_one_cm":244,"minecraft:time_since_death":7230,"minecraft:total_world_time":7230,"minecraft:fall_one_cm":2760}},"DataVersion":3465}