{"stats":{"minecraft:killed":{"minecraft:skeleton":2,"minecraft:zombie":1,"minecraft:pig":1,"minecraft:drowned":1},"minecraft:dropped":{"minecraft:oak_sapling":4,"minecraft:arrow":1},"minecraft:killed_by":{"minecraft:player":4,"minecraft:skeleton":1,"minecraft:creeper":1,"minecraft:zombie":1},"minecraft:mined":{"minecraft:birch_log":8,"minecraft:grass":4,"minecraft:oak_log":34,"minecraft:rose_bush":5,"minecraft:dirt":2,"minecraft:stone":31,"minecraft:oak_leaves":4},"minecraft:used":{"minecraft:wooden_axe":24,"minecraft:rose_bush":9,"minecraft:stone_pickaxe":18,"minecraft:wooden_pickaxe":13,"minecraft:rotten_flesh":3,"minecraft:wooden_sword":2,"minecraft:dirt":14,"minecraft:crafting_table":6,"minecraft:oak_sapling":2,"minecraft:porkchop":3},"minecraft:picked_up":{"minecraft:birch_log":8,"minecraft:stick":1,"minecraft:copper_ingot":2,"minecraft:porkchop":4,"minecraft:oak_log":33,"minecraft:dirt":41,"minecraft:string":1,"minecraft:arrow":3,"minecraft:bone":2,"minecraft:rotten_flesh":3,"minecraft:wheat_seeds":1,"minecraft:rose_bush":16,"minecraft:oak_sapling":9,"minecraft:cobblestone":32},"minecraft:crafted":{"minecraft:wooden_sword":2,"minecraft:oak_planks":132,"minecraft:crafting_table":6,"minecraft:stick":16,"minecraft:wooden_pickaxe":2,"minecraft:stone_pickaxe":1,"minecraft:wooden_axe":2,"minecraft:birch_planks":28},"minecraft:custom":{"minecraft:time_since_rest":11027,"minecraft:sprint_one_cm":77028,"minecraft:damage_taken":2050,"minecraft:walk_one_cm":56049,"minecraft:mob_kills":5,"minecraft:drop":3,"minecraft:damage_dealt":1429,"minecraft:player_kills":1,"minecraft:swim_one_cm":2550,"minecraft:interact_with_crafting_table":8,"minecraft:fly_one_cm":88135,"minecraft:crouch_one_cm":3375,"minecraft:sneak_time":1003,"minecraft:play_time":33112,"minecraft:deaths":7,"minecraft:walk_under_water_one_cm":2937,"minecraft:jump":534,"minecraft:leave_game":1,"minecraft:time_since_death":11002,"minecraft:walk_on_water_one_cm":2876,"minecraft:total_world_time":33112,"minecraft:fall_one_cm":18402}},"DataVersion":3465}