{"stats":{"minecraft:killed":{"minecraft:skeleton":2,"minecraft:pig":1,"minecraft:drowned":1},"minecraft:dropped":{"minecraft:oak_sapling":4,"minecraft:arrow":1},"minecraft:killed_by":{"minecraft:player":2,"minecraft:skeleton":1,"minecraft:creeper":1,"minecraft:zombie":1},"minecraft:mined":{"minecraft:birch_log":8,"minecraft:grass":2,"minecraft:oak_log":19,"minecraft:rose_bush":5,"minecraft:dirt":2,"minecraft:oak_leaves":2},"minecraft:used":{"minecraft:wooden_axe":16,"minecraft:rose_bush":9,"minecraft:rotten_flesh":3,"minecraft:dirt":14,"minecraft:crafting_table":4,"minecraft:oak_sapling":2,"minecraft:porkchop":3},"minecraft:picked_up":{"minecraft:birch_log":8,"minecraft:copper_ingot":2,"minecraft:porkchop":4,"minecraft:oak_log":18,"minecraft:dirt":41,"minecraft:string":1,"minecraft:arrow":3,"minecraft:bone":2,"minecraft:rotten_flesh":3,"minecraft:rose_bush":16,"minecraft:oak_sapling":6},"minecraft:crafted":{"minecraft:wooden_sword":1,"minecraft:oak_planks":72,"minecraft:crafting_table":4,"minecraft:stick":8,"minecraft:wooden_pickaxe":1,"minecraft:wooden_axe":1,"minecraft:birch_planks":28},"minecraft:custom":{"minecraft:time_since_rest":1684,"minecraft:sprint_one_cm":61854,"minecraft:damage_taken":1388,"minecraft:walk_one_cm":41034,"minecraft:mob_kills":4,"minecraft:drop":3,"minecraft:damage_dealt":1279,"minecraft:player_kills":1,"minecraft:swim_one_cm":2550,"minecraft:interact_with_crafting_table":3,"minecraft:fly_one_cm":66197,"minecraft:crouch_one_cm":2608,"minecraft:sneak_time":768,"minecraft:play_time":21112,"minecraft:deaths":5,"minecraft:walk_under_water_one_cm":2937,"minecraft:jump":412,"minecraft:leave_game":1,"minecraft:time_since_death":0,"minecraft:walk_on_water_one_cm":2876,"minecraft:total_world_time":21112,"minecraft:fall_one_cm":14537}},"DataVersion":3465}