{"stats":{"minecraft:killed_by":{"minecraft:zombie":1,"minecraft:player":1},"minecraft:mined":{"minecraft:grass":1,"minecraft:oak_log":9,"minecraft:rose_bush":3,"minecraft:birch_log":1,"minecraft:oak_leaves":1},"minecraft:used":{"minecraft:crafting_table":1},"minecraft:picked_up":{"minecraft:birch_log":1,"minecraft:rose_bush":3,"minecraft:oak_log":8,"minecraft:dirt":12},"minecraft:crafted":{"minecraft:oak_planks":32,"minecraft:crafting_table":1},"minecraft:custom":{"minecraft:time_since_rest":47,"minecraft:crouch_one_cm":1584,"minecraft:deaths":2,"minecraft:sprint_one_cm":16471,"minecraft:play_time":9112,"minecraft:damage_taken":483,"minecraft:walk_one_cm":16236,"minecraft:sneak_time":393,"minecraft:walk_under_water_one_cm":1074,"minecraft:jump":124,"minecraft:damage_dealt":246,"minecraft:walk_on_water_one_cm":2414,"minecraft:leave_game":1,"minecraft:time_since_death":23,"minecraft:total_world_time":9112,"minecraft:swim_one_cm":1625,"minecraft:interact_with_crafting_table":1,"minecraft:fall_one_cm":6212,"minecraft:fly_one_cm":21119}},"DataVersion":3465}