{"stats":{"minecraft:killed":{"minecraft:skeleton":3,"minecraft:zombie":1,"minecraft:pig":1,"minecraft:drowned":1},"minecraft:dropped":{"minecraft:stone_sword":1,"minecraft:oak_sapling":4,"minecraft:arrow":1},"minecraft:killed_by":{"minecraft:player":6,"minecraft:skeleton":1,"minecraft:creeper":1,"minecraft:zombie":1},"minecraft:mined":{"minecraft:birch_log":8,"minecraft:grass":4,"minecraft:oak_log":34,"minecraft:rose_bush":5,"minecraft:dirt":2,"minecraft:stone":42,"minecraft:diorite":17,"minecraft:oak_leaves":4},"minecraft:used":{"minecraft:wooden_axe":24,"minecraft:diorite":2,"minecraft:rose_bush":9,"minecraft:stone_sword":3,"minecraft:stone_pickaxe":46,"minecraft:wooden_pickaxe":13,"minecraft:rotten_flesh":3,"minecraft:cobblestone":3,"minecraft:wooden_sword":2,"minecraft:dirt":15,"minecraft:crafting_table":6,"minecraft:oak_sapling":2,"minecraft:porkchop":3},"minecraft:picked_up":{"minecraft:birch_log":8,"minecraft:stick":1,"minecraft:copper_ingot":2,"minecraft:porkchop":4,"minecraft:oak_log":33,"minecraft:diorite":11,"minecraft:dirt":42,"minecraft:string":1,"minecraft:wooden_sword":1,"minecraft:stone_sword":1,"minecraft:arrow":4,"minecraft:bone":2,"minecraft:rotten_flesh":6,"minecraft:wheat_seeds":1,"minecraft:rose_bush":16,"minecraft:oak_sapling":9,"minecraft:oak_planks":38,"minecraft:cobblestone":83},"minecraft:crafted":{"minecraft:wooden_sword":2,"minecraft:oak_planks":132,"minecraft:crafting_table":6,"minecraft:stick":20,"minecraft:wooden_pickaxe":2,"minecraft:stone_pickaxe":1,"minecraft:wooden_axe":2,"minecraft:stone_sword":1,"minecraft:birch_planks":28,"minecraft:stone_axe":1},"minecraft:custom":{"minecraft:time_since_rest":4132,"minecraft:sprint_one_cm":86320,"minecraft:damage_taken":2701,"minecraft:walk_one_cm":72889,"minecraft:mob_kills":6,"minecraft:drop":4,"minecraft:damage_dealt":1754,"minecraft:player_kills":2,"minecraft:swim_one_cm":2550,"minecraft:interact_with_crafting_table":10,"minecraft:fly_one_cm":101343,"minecraft:crouch_one_cm":5434,"minecraft:sneak_time":1649,"minecraft:play_time":41232,"minecraft:deaths":9,"minecraft:walk_under_water_one_cm":2937,"minecraft:jump":656,"minecraft:leave_game":2,"minecraft:time_since_death":4109,"minecraft:walk_on_water_one_cm":2876,"minecraft:total_world_time":41232,"minecraft:fall_one_cm":25026}},"DataVersion":3465}