{"stats":{"minecraft:killed":{"minecraft:wolf":1,"minecraft:zombie":1,"minecraft:drowned":1},"minecraft:dropped":{"minecraft:rose_bush":1},"minecraft:killed_by":{"minecraft:player":4,"minecraft:drowned":1,"minecraft:wolf":2,"minecraft:spider":1,"minecraft:zombie":2},"minecraft:mined":{"minecraft:oak_sapling":2,"minecraft:lily_of_the_valley":1,"minecraft:grass":20,"minecraft:grass_block":14,"minecraft:rose_bush":7,"minecraft:dirt":1},"minecraft:used":{"minecraft:stone_sword":13,"minecraft:rotten_flesh":1,"minecraft:wooden_sword":25,"minecraft:dirt":28,"minecraft:cobblestone":9},"minecraft:picked_up":{"minecraft:wooden_axe":1,"minecraft:stick":4,"minecraft:andesite":14,"minecraft:copper_ingot":1,"minecraft:wooden_pickaxe":1,"minecraft:birch_planks":16,"minecraft:oak_log":1,"minecraft:diorite":2,"minecraft:lily_of_the_valley":1,"minecraft:dirt":29,"minecraft:string":1,"minecraft:wooden_sword":1,"minecraft:stone_sword":1,"minecraft:arrow":1,"minecraft:bone":1,"minecraft:rotten_flesh":6,"minecraft:wheat_seeds":2,"minecraft:stone_pickaxe":1,"minecraft:rose_bush":17,"minecraft:oak_sapling":2,"minecraft:oak_planks":13,"minecraft:coal":18,"minecraft:cobblestone":99},"minecraft:custom":{"minecraft:time_since_rest":1603,"minecraft:sprint_one_cm":111979,"minecraft:damage_taken":2853,"minecraft:walk_one_cm":72070,"minecraft:mob_kills":3,"minecraft:drop":1,"minecraft:damage_dealt":1840,"minecraft:swim_one_cm":855,"minecraft:player_kills":7,"minecraft:fly_one_cm":169815,"minecraft:crouch_one_cm":1147,"minecraft:play_time":36464,"minecraft:deaths":11,"minecraft:sneak_time":284,"minecraft:walk_under_water_one_cm":576,"minecraft:jump":975,"minecraft:walk_on_water_one_cm":353,"minecraft:time_since_death":1574,"minecraft:total_world_time":36464,"minecraft:fall_one_cm":28601}},"DataVersion":3465}