{"stats":{"minecraft:dropped":{"minecraft:rose_bush":1},"minecraft:killed_by":{"minecraft:zombie":1},"minecraft:mined":{"minecraft:grass":2,"minecraft:rose_bush":1},"minecraft:picked_up":{"minecraft:rose_bush":2,"minecraft:oak_log":1},"minecraft:custom":{"minecraft:jump":164,"minecraft:time_since_rest":1534,"minecraft:deaths":1,"minecraft:damage_dealt":369,"minecraft:walk_on_water_one_cm":263,"minecraft:sprint_one_cm":13997,"minecraft:play_time":4072,"minecraft:damage_taken":328,"minecraft:time_since_death":1501,"minecraft:walk_one_cm":11955,"minecraft:total_world_time":4072,"minecraft:walk_under_water_one_cm":88,"minecraft:swim_one_cm":855,"minecraft:drop":1,"minecraft:fall_one_cm":6088,"minecraft:fly_one_cm":27058,"minecraft:player_kills":1}},"DataVersion":3465}