{"stats":{"minecraft:killed":{"minecraft:wolf":1,"minecraft:zombie":1,"minecraft:drowned":1},"minecraft:dropped":{"minecraft:rose_bush":1},"minecraft:killed_by":{"minecraft:player":1,"minecraft:drowned":1,"minecraft:wolf":2,"minecraft:spider":1,"minecraft:zombie":2},"minecraft:mined":{"minecraft:oak_sapling":2,"minecraft:lily_of_the_valley":1,"minecraft:grass":17,"minecraft:grass_block":14,"minecraft:rose_bush":7,"minecraft:dirt":1},"minecraft:used":{"minecraft:rotten_flesh":1,"minecraft:wooden_sword":25,"minecraft:dirt":28},"minecraft:picked_up":{"minecraft:wooden_axe":1,"minecraft:stick":3,"minecraft:copper_ingot":1,"minecraft:wooden_pickaxe":1,"minecraft:birch_planks":16,"minecraft:oak_log":1,"minecraft:lily_of_the_valley":1,"minecraft:dirt":29,"minecraft:string":1,"minecraft:wooden_sword":1,"minecraft:arrow":1,"minecraft:bone":1,"minecraft:rotten_flesh":3,"minecraft:wheat_seeds":1,"minecraft:rose_bush":17,"minecraft:oak_sapling":2},"minecraft:custom":{"minecraft:time_since_rest":6494,"minecraft:sprint_one_cm":101588,"minecraft:damage_taken":1990,"minecraft:walk_one_cm":56367,"minecraft:mob_kills":3,"minecraft:drop":1,"minecraft:damage_dealt":1376,"minecraft:swim_one_cm":855,"minecraft:player_kills":4,"minecraft:fly_one_cm":156768,"minecraft:crouch_one_cm":350,"minecraft:play_time":28072,"minecraft:deaths":8,"minecraft:sneak_time":85,"minecraft:walk_under_water_one_cm":576,"minecraft:jump":886,"minecraft:walk_on_water_one_cm":353,"minecraft:time_since_death":0,"minecraft:total_world_time":28072,"minecraft:fall_one_cm":22103}},"DataVersion":3465}